time_utc_iso,twl_ft_mllw,tide_ft_mllw,surge_ft,src_time
2026-01-28T00:00:00.000Z,3.099,2.179,0.2,202601280000
2026-01-28T01:00:00.000Z,1.981,1.209,0.1,202601280100
2026-01-28T02:00:00.000Z,0.961,0.328,0.1,202601280200
2026-01-28T03:00:00.000Z,-0.019,-0.222,0,202601280300
2026-01-28T04:00:00.000Z,-0.288,-0.149,0,202601280400
2026-01-28T05:00:00.000Z,0.708,0.657,-0.1,202601280500
2026-01-28T06:00:00.000Z,2.059,1.995,0,202601280600
2026-01-28T07:00:00.000Z,3.23,3.549,-0.1,202601280700
2026-01-28T08:00:00.000Z,4.257,4.839,-0.1,202601280800
2026-01-28T09:00:00.000Z,5.018,5.533,-0.1,202601280900
2026-01-28T10:00:00.000Z,5.428,5.62,-0.2,202601281000
2026-01-28T11:00:00.000Z,5.359,5.163,-0.2,202601281100
2026-01-28T12:00:00.000Z,4.408,4.288,-0.1,202601281200
2026-01-28T13:00:00.000Z,3.119,3.171,0,202601281300
2026-01-28T14:00:00.000Z,2.02,1.985,0,202601281400
2026-01-28T15:00:00.000Z,1.059,0.935,0,202601281500
2026-01-28T16:00:00.000Z,0.629,0.269,0,202601281600
2026-01-28T17:00:00.000Z,0.59,0.175,0,202601281700
2026-01-28T18:00:00.000Z,0.65,0.65,0,202601281800
2026-01-28T19:00:00.000Z,2.797,1.588,0,202601281900
2026-01-28T20:00:00.000Z,3.968,2.72,0,202601282000
2026-01-28T21:00:00.000Z,4.837,3.566,0.1,202601282100
2026-01-28T22:00:00.000Z,5.057,3.909,0.1,202601282200
2026-01-28T23:00:00.000Z,4.7,3.746,0.1,202601282300
2026-01-29T00:00:00.000Z,3.89,3.148,0,202601290000
2026-01-29T01:00:00.000Z,2.758,2.268,0,202601290100
2026-01-29T02:00:00.000Z,1.649,1.273,0,202601290200
2026-01-29T03:00:00.000Z,0.659,0.345,0,202601290300
2026-01-29T04:00:00.000Z,-0.029,-0.263,0,202601290400
2026-01-29T05:00:00.000Z,0.18,-0.251,0,202601290500
2026-01-29T06:00:00.000Z,1.528,0.498,0,202601290600
2026-01-29T07:00:00.000Z,2.899,1.828,0,202601290700
2026-01-29T08:00:00.000Z,4.159,3.456,0,202601290800
2026-01-29T09:00:00.000Z,5.277,4.886,0,202601290900
2026-01-29T10:00:00.000Z,6.038,5.735,-0.1,202601291000
2026-01-29T11:00:00.000Z,6.189,5.92,-0.1,202601291100
2026-01-29T12:00:00.000Z,5.608,5.485,0,202601291200
2026-01-29T13:00:00.000Z,4.559,4.577,0,202601291300
2026-01-29T14:00:00.000Z,3.319,3.382,0,202601291400
2026-01-29T15:00:00.000Z,2.328,2.081,0,202601291500
2026-01-29T16:00:00.000Z,1.571,0.904,0,202601291600
2026-01-29T17:00:00.000Z,0.941,0.124,0,202601291700
2026-01-29T18:00:00.000Z,0.031,-0.069,0.1,202601291800
2026-01-29T19:00:00.000Z,0.432,0.332,0.1,202601291900
2026-01-29T20:00:00.000Z,2.21,1.285,0.1,202601292000
2026-01-29T21:00:00.000Z,3.388,2.545,0.1,202601292100
2026-01-29T22:00:00.000Z,4.359,3.567,0,202601292200
2026-01-29T23:00:00.000Z,4.837,4.042,0,202601292300
2026-01-30T00:00:00.000Z,4.657,3.931,0.1,202601300000
2026-01-30T01:00:00.000Z,3.847,3.328,0.1,202601300100
2026-01-30T02:00:00.000Z,2.787,2.4,0.1,202601300200
2026-01-30T03:00:00.000Z,1.767,1.321,0.1,202601300300
2026-01-30T04:00:00.000Z,0.76,0.294,0,202601300400
2026-01-30T05:00:00.000Z,0,-0.398,0,202601300500
2026-01-30T06:00:00.000Z,-0.111,-0.446,0,202601300600
2026-01-30T07:00:00.000Z,1.108,0.268,0,202601300700
2026-01-30T08:00:00.000Z,2.558,1.637,0,202601300800
2026-01-30T09:00:00.000Z,4.027,3.404,0,202601300900
2026-01-30T10:00:00.000Z,5.398,5.003,-0.1,202601301000
2026-01-30T11:00:00.000Z,6.287,5.974,-0.1,202601301100
2026-01-30T12:00:00.000Z,6.409,6.208,-0.1,202601301200
2026-01-30T13:00:00.000Z,5.789,5.758,-0.1,202601301300
2026-01-30T14:00:00.000Z,4.647,4.784,-0.1,202601301400
2026-01-30T15:00:00.000Z,3.489,3.474,-0.1,202601301500
2026-01-30T16:00:00.000Z,2.348,2.036,-0.2,202601301600
2026-01-30T17:00:00.000Z,0.538,0.738,-0.2,202601301700
2026-01-30T18:00:00.000Z,1.361,-0.12,0,202601301800
2026-01-30T19:00:00.000Z,0.78,-0.358,0,202601301900
2026-01-30T20:00:00.000Z,0.659,0.06,0,202601302000
2026-01-30T21:00:00.000Z,2.02,1.143,-0.1,202601302100
2026-01-30T22:00:00.000Z,3.299,2.59,-0.1,202601302200
2026-01-30T23:00:00.000Z,4.359,3.754,-0.1,202601302300
2026-01-31T00:00:00.000Z,4.808,4.299,0,202601310000
2026-01-31T01:00:00.000Z,4.559,4.191,0,202601310100
2026-01-31T02:00:00.000Z,3.68,3.535,0,202601310200
2026-01-31T03:00:00.000Z,2.499,2.507,0,202601310300
2026-01-31T04:00:00.000Z,1.348,1.302,-0.1,202601310400
2026-01-31T05:00:00.000Z,0.331,0.161,0,202601310500
2026-01-31T06:00:00.000Z,-0.469,-0.602,-0.2,202601310600
2026-01-31T07:00:00.000Z,-0.688,-0.679,-0.2,202601310700
2026-01-31T08:00:00.000Z,0.78,0.053,-0.1,202601310800
2026-01-31T09:00:00.000Z,2.289,1.535,-0.1,202601310900
2026-01-31T10:00:00.000Z,3.89,3.474,-0.1,202601311000
2026-01-31T11:00:00.000Z,5.398,5.187,-0.1,202601311100
2026-01-31T12:00:00.000Z,6.287,6.2,-0.2,202601311200
2026-01-31T13:00:00.000Z,6.507,6.422,-0.1,202601311300
2026-01-31T14:00:00.000Z,5.769,5.911,-0.1,202601311400
2026-01-31T15:00:00.000Z,4.69,4.831,-0.1,202601311500
2026-01-31T16:00:00.000Z,3.529,3.391,-0.1,202601311600
2026-01-31T17:00:00.000Z,2.328,1.833,-0.1,202601311700
2026-01-31T18:00:00.000Z,1.18,0.46,0,202601311800
2026-01-31T19:00:00.000Z,0.37,-0.418,0,202601311900
2026-01-31T20:00:00.000Z,0.331,-0.618,0,202601312000
2026-01-31T21:00:00.000Z,1.571,-0.067,0,202601312100
2026-01-31T22:00:00.000Z,2.719,1.235,0,202601312200
2026-01-31T23:00:00.000Z,4.267,2.848,0,202601312300
2026-02-01T00:00:00.000Z,5.516,4.072,0.2,202602010000
2026-02-01T01:00:00.000Z,6.097,4.616,0.2,202602010100
2026-02-01T02:00:00.000Z,5.759,4.451,0.2,202602010200
2026-02-01T03:00:00.000Z,4.818,3.69,0.2,202602010300
2026-02-01T04:00:00.000Z,3.578,2.532,0.3,202602010400
2026-02-01T05:00:00.000Z,2.338,1.201,0.3,202602010500
2026-02-01T06:00:00.000Z,1.19,-0.028,0.4,202602010600
2026-02-01T07:00:00.000Z,0.469,-0.821,0.4,202602010700
2026-02-01T08:00:00.000Z,0.331,-0.869,0.4,202602010800
2026-02-01T09:00:00.000Z,1.708,-0.04,0.5,202602010900
2026-02-01T10:00:00.000Z,3.129,1.607,0.5,202602011000
2026-02-01T11:00:00.000Z,4.939,3.667,0.6,202602011100
2026-02-01T12:00:00.000Z,6.359,5.389,0.6,202602011200
2026-02-01T13:00:00.000Z,7.209,6.359,0.6,202602011300
2026-02-01T14:00:00.000Z,7.327,6.499,0.7,202602011400
2026-02-01T15:00:00.000Z,6.707,5.873,0.7,202602011500
2026-02-01T16:00:00.000Z,5.398,4.669,0.8,202602011600
2026-02-01T17:00:00.000Z,3.922,3.122,0.8,202602011700
2026-02-01T18:00:00.000Z,2.197,1.497,0.7,202602011800
2026-02-01T19:00:00.000Z,0.917,0.117,0.8,202602011900
2026-02-01T20:00:00.000Z,1,-0.697,0.8,202602012000
2026-02-01T21:00:00.000Z,0.741,-0.754,0.8,202602012100
2026-02-01T22:00:00.000Z,1.4,0.023,0.8,202602012200
2026-02-01T23:00:00.000Z,3.099,1.552,0.8,202602012300
2026-02-02T00:00:00.000Z,4.778,3.248,0.7,202602020000
2026-02-02T01:00:00.000Z,5.858,4.451,0.7,202602020100
2026-02-02T02:00:00.000Z,6.438,4.919,0.7,202602020200
2026-02-02T03:00:00.000Z,6.199,4.633,0.7,202602020300
2026-02-02T04:00:00.000Z,5.218,3.738,0.6,202602020400
2026-02-02T05:00:00.000Z,3.988,2.46,0.6,202602020500
2026-02-02T06:00:00.000Z,2.909,1.041,0.5,202602020600
2026-02-02T07:00:00.000Z,1.574,-0.224,0.5,202602020700
2026-02-02T08:00:00.000Z,0.745,-0.983,0.5,202602020800
2026-02-02T09:00:00.000Z,0.735,-0.923,0.5,202602020900
2026-02-02T10:00:00.000Z,1.65,0.063,0.5,202602021000
2026-02-02T11:00:00.000Z,3.371,1.854,0.5,202602021100
2026-02-02T12:00:00.000Z,5.376,3.929,0.5,202602021200
2026-02-02T13:00:00.000Z,6.935,5.558,0.5,202602021300
2026-02-02T14:00:00.000Z,7.704,6.397,0.5,202602021400
2026-02-02T15:00:00.000Z,7.618,6.381,0.5,202602021500
2026-02-02T16:00:00.000Z,6.776,5.61,0.5,202602021600
2026-02-02T17:00:00.000Z,5.298,4.302,0.4,202602021700
2026-02-02T18:00:00.000Z,3.726,2.7,0.5,202602021800
2026-02-02T19:00:00.000Z,2.107,1.081,0.5,202602021900
2026-02-02T20:00:00.000Z,0.81,-0.216,0.5,202602022000
2026-02-02T21:00:00.000Z,0.16,-0.866,0.5,202602022100
2026-02-02T22:00:00.000Z,0.335,-0.691,0.5,202602022200
2026-02-02T23:00:00.000Z,1.365,0.339,0.5,202602022300
2026-02-03T00:00:00.000Z,3.052,2.026,0.5,202602030000
2026-02-03T01:00:00.000Z,4.739,3.713,0.5,202602030100
2026-02-03T02:00:00.000Z,5.84,4.814,0.5,202602030200
2026-02-03T03:00:00.000Z,6.154,5.128,0.5,202602030300
2026-02-03T04:00:00.000Z,5.609,4.683,0.4,202602030400
2026-02-03T05:00:00.000Z,4.591,3.665,0.4,202602030500
2026-02-03T06:00:00.000Z,3.234,2.308,0.4,202602030600
2026-02-03T07:00:00.000Z,1.785,0.859,0.4,202602030700
2026-02-03T08:00:00.000Z,0.558,-0.368,0.4,202602030800
2026-02-03T09:00:00.000Z,-0.081,-1.007,0.4,202602030900
2026-02-03T10:00:00.000Z,0.151,-0.775,0.4,202602031000
2026-02-03T11:00:00.000Z,1.288,0.362,0.4,202602031100
2026-02-03T12:00:00.000Z,3.136,2.21,0.4,202602031200
2026-02-03T13:00:00.000Z,5.02,4.194,0.3,202602031300
2026-02-03T14:00:00.000Z,6.464,5.638,0.3,202602031400
2026-02-03T15:00:00.000Z,7.086,6.26,0.3,202602031500
2026-02-03T16:00:00.000Z,6.873,6.047,0.3,202602031600
2026-02-03T17:00:00.000Z,5.87,5.144,0.2,202602031700
2026-02-03T18:00:00.000Z,4.505,3.779,0.2,202602031800
2026-02-03T19:00:00.000Z,2.916,2.19,0.2,202602031900
2026-02-03T20:00:00.000Z,1.389,0.663,0.2,202602032000
2026-02-03T21:00:00.000Z,0.172,-0.454,0.1,202602032100
2026-02-03T22:00:00.000Z,-0.229,-0.855,0.1,202602032200
2026-02-03T23:00:00.000Z,0.207,-0.419,0.1,202602032300
2026-02-04T00:00:00.000Z,1.444,0.818,0.1,202602040000
2026-02-04T01:00:00.000Z,3.203,2.577,0.1,202602040100
2026-02-04T02:00:00.000Z,4.695,4.169,0,202602040200
2026-02-04T03:00:00.000Z,5.607,5.081,0,202602040300
2026-02-04T04:00:00.000Z,5.72,5.194,0,202602040400
2026-02-04T05:00:00.000Z,5.121,4.595,0,202602040500
2026-02-04T06:00:00.000Z,4.018,3.492,0,202602040600
2026-02-04T07:00:00.000Z,2.638,2.112,0,202602040700
2026-02-04T08:00:00.000Z,1.235,0.709,0,202602040800
2026-02-04T09:00:00.000Z,0.031,-0.395,-0.1,202602040900
2026-02-04T10:00:00.000Z,-0.422,-0.848,-0.1,202602041000
2026-02-04T11:00:00.000Z,-0.015,-0.441,-0.1,202602041100
2026-02-04T12:00:00.000Z,1.209,0.783,-0.1,202602041200
2026-02-04T13:00:00.000Z,3.025,2.599,-0.1,202602041300
2026-02-04T14:00:00.000Z,4.828,4.402,-0.1,202602041400
2026-02-04T15:00:00.000Z,5.901,5.575,-0.2,202602041500
2026-02-04T16:00:00.000Z,6.259,5.933,-0.2,202602041600
2026-02-04T17:00:00.000Z,5.855,5.529,-0.2,202602041700
2026-02-04T18:00:00.000Z,4.862,4.536,-0.2,202602041800
2026-02-04T19:00:00.000Z,3.602,3.176,-0.1,202602041900
2026-02-04T20:00:00.000Z,2.106,1.68,-0.1,202602042000
2026-02-04T21:00:00.000Z,0.76,0.334,-0.1,202602042100
2026-02-04T22:00:00.000Z,-0.101,-0.527,-0.1,202602042200
2026-02-04T23:00:00.000Z,-0.226,-0.652,-0.1,202602042300
2026-02-05T00:00:00.000Z,0.535,0.009,0,202602050000
2026-02-05T01:00:00.000Z,1.915,1.389,0,202602050100
2026-02-05T02:00:00.000Z,3.66,3.134,0,202602050200
2026-02-05T03:00:00.000Z,5.062,4.536,0,202602050300
2026-02-05T04:00:00.000Z,5.731,5.205,0,202602050400
2026-02-05T05:00:00.000Z,5.641,5.115,0,202602050500
2026-02-05T06:00:00.000Z,4.921,4.395,0,202602050600
2026-02-05T07:00:00.000Z,3.783,3.257,0,202602050700
2026-02-05T08:00:00.000Z,2.45,1.924,0,202602050800
2026-02-05T09:00:00.000Z,1.169,0.643,0,202602050900
2026-02-05T10:00:00.000Z,0.251,-0.275,0,202602051000
2026-02-05T11:00:00.000Z,-0.003,-0.529,0,202602051100
2026-02-05T12:00:00.000Z,0.526,0,0,202602051200
2026-02-05T13:00:00.000Z,1.668,1.242,-0.1,202602051300
2026-02-05T14:00:00.000Z,3.379,2.953,-0.1,202602051400
2026-02-05T15:00:00.000Z,4.917,4.491,-0.1,202602051500
2026-02-05T16:00:00.000Z,5.772,5.346,-0.1,202602051600
2026-02-05T17:00:00.000Z,5.876,5.45,-0.1,202602051700
2026-02-05T18:00:00.000Z,5.324,4.898,-0.1,202602051800
2026-02-05T19:00:00.000Z,4.298,3.872,-0.1,202602051900
2026-02-05T20:00:00.000Z,3.013,2.587,-0.1,202602052000
2026-02-05T21:00:00.000Z,1.687,1.261,-0.1,202602052100
2026-02-05T22:00:00.000Z,0.584,0.158,-0.1,202602052200
2026-02-05T23:00:00.000Z,0,-0.426,-0.1,202602052300
2026-02-06T00:00:00.000Z,0.121,-0.305,-0.1,202602060000
2026-02-06T01:00:00.000Z,0.955,0.529,-0.1,202602060100
2026-02-06T02:00:00.000Z,2.41,1.984,-0.1,202602060200
2026-02-06T03:00:00.000Z,4.043,3.617,-0.1,202602060300
2026-02-06T04:00:00.000Z,5.19,4.764,-0.1,202602060400
2026-02-06T05:00:00.000Z,5.611,5.185,-0.1,202602060500
2026-02-06T06:00:00.000Z,5.348,4.922,-0.1,202602060600
